Date,SentimentScore
2024.01.01,-1.76
2024.01.02,-3.49
2024.01.03,1.51
2024.01.04,-4.28
2024.01.05,0.36
2024.01.08,-1.34
2024.01.09,-4.42
2024.01.10,0.07
2024.01.11,-4.63
2024.01.12,-0.66
2024.01.15,-4.3
2024.01.16,-4.09
2024.01.17,-0.75
2024.01.18,3.27
2024.01.19,-3.76
2024.01.22,-2.77
2024.01.23,1.27
2024.01.24,4.48
2024.01.25,0.77
2024.01.26,-1.03
2024.01.29,4.76
2024.01.30,-4.53
2024.01.31,3.58
2024.02.01,-2.1
2024.02.02,-3.56
2024.02.05,-3.82
2024.02.06,-1.92
2024.02.07,3.16
2024.02.08,-3.19
2024.02.09,0.82
2024.02.12,1.39
2024.02.13,-1.28
2024.02.14,0.48
2024.02.15,-4.37
2024.02.16,-4.4
2024.02.19,-2.94
2024.02.20,1.8
2024.02.21,-0.72
2024.02.22,-1.86
2024.02.23,0.86
2024.02.26,-0.47
2024.02.27,-2.0
2024.02.28,2.94
2024.02.29,1.99
2024.03.01,-2.56
2024.03.04,0.74
2024.03.05,0.25
2024.03.06,3.75
2024.03.07,2.29
2024.03.08,-2.12
2024.03.11,4.8
2024.03.12,-3.82
2024.03.13,-0.82
2024.03.14,2.57
2024.03.15,-3.48
2024.03.18,-0.11
2024.03.19,-4.61
2024.03.20,1.68
2024.03.21,2.65
2024.03.22,0.73
