Date,Open,High,Low,Close
2024.01.01,2050.0,2061.1,2042.88,2058.57
2024.01.02,2058.57,2074.28,2027.01,2041.48
2024.01.03,2041.48,2069.18,2031.69,2065.5
2024.01.04,2065.5,2071.63,2025.07,2036.36
2024.01.05,2036.36,2042.04,1993.69,2007.44
2024.01.08,2007.44,2016.14,1994.79,2010.15
2024.01.09,2010.15,2030.95,1993.56,2028.81
2024.01.10,2028.81,2049.16,2023.94,2040.87
2024.01.11,2040.87,2077.19,2037.12,2068.86
2024.01.12,2068.86,2086.71,2030.68,2043.83
2024.01.15,2043.83,2078.27,2031.92,2062.66
2024.01.16,2062.66,2101.16,2050.35,2091.94
2024.01.17,2091.94,2126.48,2073.62,2112.61
2024.01.18,2112.61,2133.06,2109.63,2117.51
2024.01.19,2117.51,2125.14,2096.62,2100.23
2024.01.22,2100.23,2104.24,2076.09,2083.39
2024.01.23,2083.39,2100.83,2074.37,2091.87
2024.01.24,2091.87,2098.99,2054.09,2073.64
2024.01.25,2073.64,2096.35,2068.37,2082.85
2024.01.26,2082.85,2102.35,2073.65,2097.17
2024.01.29,2097.17,2142.35,2084.56,2127.97
2024.01.30,2127.97,2158.12,2110.98,2139.75
2024.01.31,2139.75,2142.51,2114.21,2122.36
2024.02.01,2122.36,2128.51,2087.58,2107.57
2024.02.02,2107.57,2139.53,2093.03,2131.37
2024.02.05,2131.37,2151.04,2113.79,2124.69
2024.02.06,2124.69,2131.53,2096.94,2109.71
2024.02.07,2109.71,2122.92,2075.67,2094.69
2024.02.08,2094.69,2100.92,2067.53,2088.37
2024.02.09,2088.37,2092.76,2085.39,2088.96
2024.02.12,2088.96,2102.85,2047.72,2064.5
2024.02.13,2064.5,2067.75,2050.55,2059.68
2024.02.14,2059.68,2102.38,2039.62,2090.34
2024.02.15,2090.34,2115.29,2074.69,2112.96
2024.02.16,2112.96,2136.87,2105.77,2124.48
2024.02.19,2124.48,2137.74,2114.04,2133.46
2024.02.20,2133.46,2153.91,2111.58,2130.5
2024.02.21,2130.5,2142.23,2109.86,2115.38
2024.02.22,2115.38,2160.48,2107.58,2141.56
2024.02.23,2141.56,2164.43,2136.48,2150.49
2024.02.26,2150.49,2180.12,2133.27,2167.43
2024.02.27,2167.43,2171.58,2158.94,2169.4
2024.02.28,2169.4,2189.71,2119.08,2138.13
2024.02.29,2138.13,2167.54,2134.88,2159.4
2024.03.01,2159.4,2204.69,2155.58,2183.89
2024.03.04,2183.89,2187.43,2165.85,2182.97
2024.03.05,2182.97,2205.12,2171.45,2200.38
2024.03.06,2200.38,2211.13,2180.9,2203.67
2024.03.07,2203.67,2210.07,2185.72,2198.59
2024.03.08,2198.59,2219.98,2190.22,2213.75
2024.03.11,2213.75,2262.02,2202.81,2246.64
2024.03.12,2246.64,2252.52,2239.85,2247.82
2024.03.13,2247.82,2261.97,2230.03,2236.9
2024.03.14,2236.9,2240.57,2203.31,2218.13
2024.03.15,2218.13,2238.42,2180.87,2200.09
2024.03.18,2200.09,2207.0,2156.52,2171.77
2024.03.19,2171.77,2176.52,2132.87,2153.15
2024.03.20,2153.15,2169.07,2135.79,2157.74
2024.03.21,2157.74,2183.55,2153.7,2177.64
2024.03.22,2177.64,2188.12,2161.83,2173.14
